{"stats":{"minecraft:picked_up":{"minecraft:birch_log":4,"minecraft:raw_iron":2,"minecraft:crafting_table":4,"minecraft:feather":1,"minecraft:chicken":1,"minecraft:andesite":1,"minecraft:leather":2,"minecraft:wooden_pickaxe":1,"minecraft:oak_log":12,"minecraft:dirt":2,"minecraft:string":2,"minecraft:arrow":2,"minecraft:bone":7,"minecraft:wheat_seeds":4,"minecraft:beef":2,"minecraft:sugar_cane":3,"minecraft:coal":27,"minecraft:cobblestone":11},"minecraft:used":{"minecraft:wooden_axe":13,"minecraft:grass_block":4,"minecraft:stone_pickaxe":35,"minecraft:oak_planks":6,"minecraft:wooden_pickaxe":8,"minecraft:wooden_sword":21,"minecraft:dirt":2,"minecraft:cobblestone":8,"minecraft:crafting_table":2,"minecraft:andesite":1,"endofherobrine:cow_spawn_egg":1,"endofherobrine:lurker_spawn_egg":3},"minecraft:killed":{"minecraft:skeleton":3,"minecraft:spider":1},"minecraft:killed_by":{"minecraft:skeleton":2,"minecraft:spider":1},"minecraft:crafted":{"minecraft:wooden_sword":3,"minecraft:oak_planks":48,"minecraft:crafting_table":1,"minecraft:stick":16,"minecraft:wooden_pickaxe":1,"minecraft:stone_pickaxe":1,"minecraft:wooden_axe":1},"minecraft:dropped":{"minecraft:crafting_table":1,"minecraft:oak_planks":3,"minecraft:leather":2,"minecraft:wooden_pickaxe":1,"minecraft:beef":2,"minecraft:bone":2,"minecraft:stick":3},"minecraft:mined":{"minecraft:mossy_cobblestone":3,"minecraft:andesite":1,"minecraft:bee_nest":1,"minecraft:crafting_table":3,"minecraft:grass":12,"minecraft:coal_ore":27,"minecraft:oak_log":5,"minecraft:dirt":2,"minecraft:tall_grass":1,"minecraft:stone":10,"minecraft:sugar_cane":1},"minecraft:custom":{"minecraft:time_since_rest":13095,"minecraft:sprint_one_cm":56158,"minecraft:damage_taken":1205,"minecraft:walk_one_cm":48540,"minecraft:mob_kills":5,"minecraft:drop":9,"minecraft:damage_dealt":1031,"minecraft:interact_with_crafting_table":6,"minecraft:swim_one_cm":4521,"minecraft:fly_one_cm":153268,"minecraft:crouch_one_cm":6767,"minecraft:play_time":40372,"minecraft:deaths":5,"minecraft:sneak_time":2692,"minecraft:walk_under_water_one_cm":2756,"minecraft:jump":728,"minecraft:time_since_death":13060,"minecraft:walk_on_water_one_cm":6331,"minecraft:total_world_time":40372,"minecraft:fall_one_cm":20735}},"DataVersion":3465}