{"stats":{"minecraft:picked_up":{"minecraft:leather":2,"minecraft:beef":2,"minecraft:oak_log":6},"minecraft:used":{"minecraft:grass_block":4,"endofherobrine:cow_spawn_egg":1,"endofherobrine:lurker_spawn_egg":3},"minecraft:crafted":{"minecraft:oak_planks":24},"minecraft:dropped":{"minecraft:leather":2,"minecraft:beef":2},"minecraft:mined":{"minecraft:grass":1,"minecraft:oak_log":5},"minecraft:custom":{"minecraft:time_since_rest":12669,"minecraft:crouch_one_cm":144,"minecraft:play_time":16372,"minecraft:sprint_one_cm":11363,"minecraft:walk_one_cm":10989,"minecraft:deaths":1,"minecraft:sneak_time":169,"minecraft:walk_under_water_one_cm":93,"minecraft:drop":2,"minecraft:jump":123,"minecraft:damage_dealt":78,"minecraft:walk_on_water_one_cm":400,"minecraft:time_since_death":12642,"minecraft:total_world_time":16372,"minecraft:swim_one_cm":411,"minecraft:fall_one_cm":2299,"minecraft:fly_one_cm":57242}},"DataVersion":3465}