{"stats":{"minecraft:picked_up":{"minecraft:birch_log":4,"minecraft:crafting_table":3,"minecraft:feather":1,"minecraft:chicken":1,"minecraft:leather":2,"minecraft:oak_log":12,"minecraft:string":2,"minecraft:bone":3,"minecraft:wheat_seeds":4,"minecraft:beef":2,"minecraft:sugar_cane":3,"minecraft:cobblestone":1},"minecraft:used":{"minecraft:wooden_axe":8,"minecraft:grass_block":4,"minecraft:wooden_pickaxe":5,"minecraft:wooden_sword":16,"minecraft:cobblestone":1,"minecraft:crafting_table":1,"endofherobrine:cow_spawn_egg":1,"endofherobrine:lurker_spawn_egg":3},"minecraft:killed":{"minecraft:skeleton":1,"minecraft:spider":1},"minecraft:killed_by":{"minecraft:skeleton":2,"minecraft:spider":1},"minecraft:crafted":{"minecraft:wooden_sword":2,"minecraft:oak_planks":48,"minecraft:crafting_table":1,"minecraft:stick":12,"minecraft:wooden_pickaxe":1,"minecraft:wooden_axe":1},"minecraft:dropped":{"minecraft:crafting_table":1,"minecraft:oak_planks":3,"minecraft:leather":2,"minecraft:beef":2,"minecraft:bone":2,"minecraft:stick":3},"minecraft:mined":{"minecraft:mossy_cobblestone":3,"minecraft:bee_nest":1,"minecraft:crafting_table":2,"minecraft:grass":12,"minecraft:oak_log":5,"minecraft:tall_grass":1,"minecraft:sugar_cane":1},"minecraft:custom":{"minecraft:time_since_rest":1095,"minecraft:sprint_one_cm":40018,"minecraft:damage_taken":1025,"minecraft:walk_one_cm":36042,"minecraft:mob_kills":3,"minecraft:drop":8,"minecraft:damage_dealt":631,"minecraft:interact_with_crafting_table":4,"minecraft:swim_one_cm":2539,"minecraft:fly_one_cm":118089,"minecraft:crouch_one_cm":2127,"minecraft:play_time":28372,"minecraft:deaths":5,"minecraft:sneak_time":771,"minecraft:walk_under_water_one_cm":1565,"minecraft:jump":503,"minecraft:time_since_death":1060,"minecraft:walk_on_water_one_cm":4294,"minecraft:total_world_time":28372,"minecraft:fall_one_cm":13253}},"DataVersion":3465}