{"stats":{"minecraft:picked_up":{"minecraft:wooden_axe":1,"minecraft:birch_log":5,"minecraft:crafting_table":4,"minecraft:feather":1,"minecraft:chicken":1,"minecraft:andesite":1,"minecraft:leather":2,"minecraft:wooden_pickaxe":2,"minecraft:oak_log":12,"minecraft:string":3,"minecraft:dirt":40,"minecraft:wooden_sword":1,"minecraft:bone":11,"minecraft:wheat_seeds":5,"minecraft:beef":2,"minecraft:iron_ingot":3,"minecraft:stone_pickaxe":2,"minecraft:sugar_cane":3,"minecraft:oak_planks":17,"minecraft:stick":4,"minecraft:raw_iron":4,"minecraft:gravel":12,"minecraft:diorite":5,"minecraft:arrow":4,"minecraft:stone_axe":1,"minecraft:oak_sapling":1,"minecraft:coal":70,"minecraft:bone_block":10,"minecraft:cobblestone":26},"minecraft:used":{"minecraft:netherite_sword":16,"minecraft:stone_pickaxe":65,"minecraft:netherite_chestplate":1,"minecraft:oak_planks":8,"minecraft:blackstone":5,"minecraft:wooden_pickaxe":8,"minecraft:netherrack":4,"minecraft:diamond_block":3,"minecraft:dirt":6,"minecraft:crafting_table":2,"endofherobrine:cow_spawn_egg":1,"endofherobrine:lurker_spawn_egg":8,"minecraft:wooden_axe":13,"endofherobrine:blackstone_totem":3,"minecraft:grass_block":4,"endofherobrine:netherrack_totem":4,"minecraft:wooden_sword":36,"minecraft:cobblestone":8,"minecraft:andesite":1,"minecraft:gold_block":4},"minecraft:killed":{"minecraft:spider":1,"minecraft:skeleton":3,"minecraft:zombie":1},"minecraft:killed_by":{"minecraft:hoglin":1,"minecraft:skeleton":2,"minecraft:creeper":1,"minecraft:spider":1},"minecraft:crafted":{"minecraft:wooden_sword":3,"minecraft:oak_planks":48,"minecraft:crafting_table":1,"minecraft:wooden_pickaxe":1,"minecraft:air":0,"minecraft:stick":16,"minecraft:iron_ingot":2,"minecraft:stone_pickaxe":1,"minecraft:wooden_axe":1},"minecraft:dropped":{"minecraft:gravel":6,"minecraft:iron_ingot":5,"minecraft:stone_axe":1,"minecraft:crafting_table":1,"minecraft:oak_planks":3,"minecraft:leather":2,"minecraft:coal":16,"minecraft:stick":3,"minecraft:dirt":28,"minecraft:diorite":2,"minecraft:oak_sapling":1,"minecraft:stone_pickaxe":1,"minecraft:beef":2,"minecraft:wooden_pickaxe":2,"minecraft:string":1,"minecraft:bone":2},"minecraft:mined":{"minecraft:mossy_cobblestone":3,"minecraft:crafting_table":3,"minecraft:tall_grass":6,"minecraft:sugar_cane":1,"minecraft:diorite":3,"minecraft:fire":1,"minecraft:andesite":1,"minecraft:bee_nest":1,"minecraft:grass":13,"minecraft:oak_log":5,"minecraft:coal_ore":27,"minecraft:gravel":3,"minecraft:dirt":3,"minecraft:stone":27,"minecraft:bone_block":10},"minecraft:custom":{"minecraft:interact_with_furnace":4,"minecraft:mob_kills":6,"minecraft:interact_with_crafting_table":6,"minecraft:time_since_death":9966,"minecraft:climb_one_cm":160,"minecraft:time_since_rest":9992,"minecraft:sprint_one_cm":104106,"minecraft:damage_taken":2346,"minecraft:walk_one_cm":96547,"minecraft:drop":21,"minecraft:damage_dealt":1673,"minecraft:swim_one_cm":4521,"minecraft:fly_one_cm":219453,"minecraft:crouch_one_cm":8302,"minecraft:play_time":64372,"minecraft:deaths":9,"minecraft:sneak_time":3358,"minecraft:walk_under_water_one_cm":2756,"minecraft:jump":1095,"minecraft:walk_on_water_one_cm":10696,"minecraft:total_world_time":64372,"minecraft:fall_one_cm":31703}},"DataVersion":3465}