{"stats":{"minecraft:broken":{"minecraft:golden_sword":1,"minecraft:stone_axe":2},"minecraft:mined":{"minecraft:dark_oak_planks":27,"minecraft:white_bed":1,"minecraft:dark_oak_log":31,"minecraft:oak_fence":1,"minecraft:crafting_table":5,"minecraft:torch":3,"minecraft:grass_block":3,"minecraft:cobblestone":3,"minecraft:oak_planks":2,"minecraft:wall_torch":3,"minecraft:spawner":1,"minecraft:tall_seagrass":2,"minecraft:birch_planks":11,"minecraft:furnace":1,"minecraft:birch_log":62,"minecraft:fire":3,"minecraft:birch_leaves":5,"minecraft:grass":5,"minecraft:sunflower":1,"minecraft:dirt":5,"minecraft:stone":39,"minecraft:deepslate":2},"minecraft:used":{"minecraft:cooked_mutton":2,"minecraft:stone_sword":4,"minecraft:birch_planks":123,"minecraft:stone_pickaxe":76,"minecraft:wooden_pickaxe":4,"minecraft:rotten_flesh":1,"minecraft:torch":13,"minecraft:golden_apple":1,"minecraft:dirt":16,"minecraft:mutton":2,"minecraft:crafting_table":7,"minecraft:white_bed":2,"man:cassetteplayer":1,"minecraft:dark_oak_planks":54,"minecraft:wooden_axe":24,"minecraft:stone_axe":241,"minecraft:fire_charge":1,"minecraft:golden_sword":32,"minecraft:cobblestone":1,"minecraft:bow":7,"minecraft:beef":5,"minecraft:furnace":1,"minecraft:chest_minecart":1,"minecraft:cobbled_deepslate":2},"minecraft:dropped":{"minecraft:oak_fence":1,"minecraft:cobblestone":17,"minecraft:cooked_mutton":6,"minecraft:stone_pickaxe":1,"minecraft:white_wool":1},"minecraft:killed_by":{"man:managgresive":3,"sanitydim:sneaking_terror":2,"minecraft:skeleton":2,"minecraft:creeper":1,"minecraft:spider":1,"goatman:goatman":1,"sanitydim:rotting_stalker":2},"minecraft:custom":{"minecraft:interact_with_furnace":18,"minecraft:mob_kills":21,"minecraft:interact_with_crafting_table":16,"minecraft:leave_game":1,"minecraft:time_since_death":4355,"minecraft:sleep_in_bed":1,"minecraft:climb_one_cm":1394,"minecraft:time_since_rest":4392,"minecraft:sprint_one_cm":295584,"minecraft:damage_absorbed":40,"minecraft:damage_taken":4650,"minecraft:walk_one_cm":259948,"minecraft:drop":9,"minecraft:damage_dealt":3428,"minecraft:swim_one_cm":14318,"minecraft:fly_one_cm":392637,"minecraft:open_chest":2,"minecraft:crouch_one_cm":20237,"minecraft:play_time":135385,"minecraft:deaths":17,"minecraft:sneak_time":9308,"minecraft:walk_under_water_one_cm":21022,"minecraft:jump":2288,"minecraft:walk_on_water_one_cm":17293,"minecraft:total_world_time":135385,"minecraft:fall_one_cm":67963},"minecraft:picked_up":{"minecraft:wooden_axe":1,"minecraft:birch_log":61,"minecraft:charcoal":2,"minecraft:crafting_table":4,"minecraft:chest_minecart":1,"minecraft:leather":1,"minecraft:wooden_pickaxe":2,"minecraft:birch_planks":43,"minecraft:enchanted_book":1,"minecraft:lapis_lazuli":6,"minecraft:string":2,"minecraft:dirt":8,"man:cassette_1safetyinstructions":2,"minecraft:bone":6,"minecraft:bow":1,"minecraft:cobbled_deepslate":3,"minecraft:wheat_seeds":1,"minecraft:detector_rail":5,"minecraft:iron_ingot":4,"minecraft:beef":5,"minecraft:stone_pickaxe":2,"minecraft:light_gray_wool":1,"minecraft:birch_sapling":1,"minecraft:stick":11,"minecraft:raw_iron":8,"minecraft:oak_fence":2,"minecraft:torch":24,"minecraft:white_bed":1,"minecraft:dark_oak_log":30,"minecraft:dark_oak_planks":25,"minecraft:arrow":7,"minecraft:rotten_flesh":2,"minecraft:stone_axe":2,"minecraft:gray_wool":2,"minecraft:mutton":14,"minecraft:coal":5,"minecraft:white_wool":8,"minecraft:cobblestone":50},"minecraft:killed":{"minecraft:zombie_villager":1,"minecraft:spider":1,"minecraft:sheep":7,"minecraft:skeleton":4,"minecraft:zombie":3,"endofherobrine:sheep":3,"minecraft:cow":2},"minecraft:crafted":{"minecraft:crafting_table":3,"minecraft:wooden_pickaxe":1,"minecraft:birch_planks":176,"minecraft:stone_axe":2,"minecraft:cooked_mutton":11,"minecraft:air":0,"minecraft:charcoal":13,"minecraft:stick":16,"minecraft:stone_pickaxe":2,"minecraft:wooden_axe":1,"minecraft:stone_sword":1,"minecraft:white_bed":1,"minecraft:dark_oak_planks":52,"minecraft:torch":12}},"DataVersion":3465}