{"stats":{"minecraft:mined":{"minecraft:fire":3,"minecraft:jungle_leaves":7,"minecraft:crafting_table":2,"minecraft:grass":56,"minecraft:grass_block":7,"minecraft:oak_log":5,"minecraft:melon":6,"minecraft:deepslate_iron_ore":2,"minecraft:sand":1,"minecraft:dirt":11,"minecraft:stone":6,"minecraft:sugar_cane":3,"minecraft:white_wool":2,"minecraft:deepslate":8,"minecraft:fern":11},"minecraft:crafted":{"minecraft:oak_planks":20,"minecraft:crafting_table":1,"minecraft:stick":20,"minecraft:wooden_pickaxe":1,"minecraft:stone_pickaxe":1,"minecraft:wooden_axe":1,"minecraft:stone_axe":1},"minecraft:used":{"minecraft:wooden_axe":1,"minecraft:melon_slice":3,"minecraft:stone_pickaxe":10,"minecraft:wooden_pickaxe":8,"minecraft:golden_leggings":1,"minecraft:stone_axe":1,"minecraft:white_wool":2,"minecraft:golden_sword":8,"minecraft:dirt":10,"minecraft:sand":1,"minecraft:crafting_table":2,"minecraft:cobbled_deepslate":1},"minecraft:custom":{"minecraft:time_since_rest":26313,"minecraft:sprint_one_cm":29702,"minecraft:damage_taken":1950,"minecraft:walk_one_cm":55920,"minecraft:mob_kills":6,"minecraft:drop":129,"minecraft:damage_dealt":782,"minecraft:swim_one_cm":19059,"minecraft:interact_with_crafting_table":2,"minecraft:fly_one_cm":84751,"minecraft:open_chest":2,"minecraft:crouch_one_cm":4033,"minecraft:play_time":41342,"minecraft:sneak_time":1866,"minecraft:walk_under_water_one_cm":15805,"minecraft:jump":575,"minecraft:leave_game":1,"minecraft:time_since_death":40296,"minecraft:walk_on_water_one_cm":15966,"minecraft:sleep_in_bed":1,"minecraft:total_world_time":41342,"minecraft:climb_one_cm":3108,"minecraft:fall_one_cm":14402},"minecraft:picked_up":{"minecraft:golden_helmet":1,"minecraft:raw_iron":2,"minecraft:crafting_table":2,"minecraft:leather":11,"minecraft:golden_leggings":1,"minecraft:sand":1,"minecraft:oak_log":5,"minecraft:dirt":15,"minecraft:wheat_seeds":3,"minecraft:cobbled_deepslate":1,"minecraft:beef":10,"minecraft:stone_pickaxe":63,"minecraft:melon_slice":28,"minecraft:sugar_cane":6,"minecraft:mutton":4,"minecraft:white_wool":5,"minecraft:cobblestone":6},"minecraft:dropped":{"minecraft:wheat_seeds":1,"minecraft:golden_helmet":1,"minecraft:stone_pickaxe":190},"minecraft:killed":{"minecraft:sheep":2,"minecraft:spider":1,"minecraft:cow":3}},"DataVersion":3465}