{"stats":{"minecraft:mined":{"minecraft:deepslate_diamond_ore":3,"minecraft:mossy_stone_brick_slab":1,"minecraft:basalt":1,"minecraft:jungle_leaves":7,"minecraft:obsidian":3,"minecraft:crafting_table":3,"minecraft:grass_block":7,"minecraft:melon":6,"minecraft:jungle_log":2,"minecraft:sugar_cane":3,"minecraft:fire":4,"minecraft:grass":58,"minecraft:oak_log":5,"minecraft:deepslate_iron_ore":3,"minecraft:vine":8,"minecraft:gravel":17,"minecraft:sand":1,"minecraft:dirt":11,"minecraft:cracked_stone_bricks":1,"minecraft:stone_bricks":1,"minecraft:stone":6,"minecraft:netherrack":3,"minecraft:white_wool":2,"minecraft:deepslate":9,"minecraft:fern":12},"minecraft:used":{"minecraft:flint_and_steel":1,"minecraft:stone_pickaxe":11,"minecraft:redstone":3,"minecraft:wooden_pickaxe":8,"minecraft:iron_sword":41,"minecraft:white_wool":2,"minecraft:golden_apple":1,"minecraft:dirt":10,"minecraft:sand":1,"minecraft:rail":17,"minecraft:crafting_table":5,"minecraft:nether_bricks":36,"minecraft:obsidian":5,"minecraft:wooden_axe":1,"minecraft:diamond_pickaxe":10,"minecraft:melon_slice":3,"minecraft:iron_pickaxe":4,"minecraft:gravel":3,"minecraft:golden_leggings":1,"minecraft:stone_axe":1,"minecraft:basalt":1,"minecraft:golden_sword":8,"minecraft:furnace":1,"minecraft:cobbled_deepslate":1},"minecraft:crafted":{"minecraft:oak_planks":20,"minecraft:crafting_table":1,"minecraft:wooden_pickaxe":1,"minecraft:iron_sword":1,"minecraft:stone_axe":1,"minecraft:air":0,"minecraft:jungle_planks":8,"minecraft:flint_and_steel":1,"minecraft:diamond_pickaxe":1,"minecraft:stick":36,"minecraft:iron_ingot":3,"minecraft:stone_pickaxe":1,"minecraft:wooden_axe":1},"minecraft:custom":{"minecraft:interact_with_furnace":4,"minecraft:mob_kills":15,"minecraft:interact_with_crafting_table":5,"minecraft:leave_game":1,"minecraft:time_since_death":64122,"minecraft:sleep_in_bed":1,"minecraft:climb_one_cm":3228,"minecraft:time_since_rest":50313,"minecraft:sprint_one_cm":93064,"minecraft:damage_taken":3091,"minecraft:walk_one_cm":97563,"minecraft:drop":134,"minecraft:damage_dealt":2708,"minecraft:swim_one_cm":19285,"minecraft:fly_one_cm":187642,"minecraft:open_chest":2,"minecraft:crouch_one_cm":7026,"minecraft:play_time":65342,"minecraft:sneak_time":4132,"minecraft:walk_under_water_one_cm":19493,"minecraft:jump":942,"minecraft:walk_on_water_one_cm":16467,"minecraft:total_world_time":65342,"minecraft:fall_one_cm":21896},"minecraft:picked_up":{"minecraft:crafting_table":3,"minecraft:basalt":1,"minecraft:jungle_log":2,"minecraft:chest_minecart":2,"minecraft:leather":11,"minecraft:golden_leggings":1,"minecraft:flint":1,"firstaid:morphine":1,"minecraft:oak_log":5,"minecraft:dirt":15,"minecraft:name_tag":1,"minecraft:bone":2,"minecraft:cracked_stone_bricks":1,"minecraft:wheat_seeds":3,"minecraft:cobbled_deepslate":2,"minecraft:beef":10,"minecraft:stone_pickaxe":64,"minecraft:iron_pickaxe":1,"minecraft:powered_rail":1,"minecraft:melon_slice":28,"minecraft:sugar_cane":6,"minecraft:golden_helmet":1,"minecraft:raw_iron":3,"minecraft:torch":17,"minecraft:gravel":16,"minecraft:sand":1,"minecraft:redstone":5,"minecraft:mossy_stone_brick_slab":1,"minecraft:diamond":3,"minecraft:blaze_rod":5,"minecraft:golden_apple":1,"minecraft:netherrack":2,"minecraft:obsidian":3,"firstaid:bandage":3,"minecraft:white_wool":5,"minecraft:melon_seeds":3,"minecraft:glow_berries":4,"minecraft:mutton":4,"minecraft:coal":8,"minecraft:rail":17,"minecraft:cobblestone":6},"minecraft:dropped":{"minecraft:wheat_seeds":1,"minecraft:golden_helmet":1,"minecraft:crafting_table":189,"minecraft:stone_pickaxe":191,"minecraft:iron_pickaxe":1},"minecraft:killed":{"minecraft:spider":1,"minecraft:sheep":2,"minecraft:wither_skeleton":1,"minecraft:blaze":8,"minecraft:cow":3},"minecraft:broken":{"toughasnails:leaf_leggings":1,"toughasnails:leaf_helmet":1}},"DataVersion":3465}