{"stats":{"minecraft:mined":{"minecraft:fire":3,"minecraft:jungle_leaves":7,"minecraft:crafting_table":2,"minecraft:grass":45,"minecraft:grass_block":4,"minecraft:oak_log":5,"minecraft:dirt":7,"minecraft:stone":6,"minecraft:fern":8},"minecraft:crafted":{"minecraft:oak_planks":20,"minecraft:crafting_table":1,"minecraft:stick":20,"minecraft:wooden_pickaxe":1,"minecraft:stone_pickaxe":1,"minecraft:wooden_axe":1,"minecraft:stone_axe":1},"minecraft:used":{"minecraft:wooden_axe":1,"minecraft:wooden_pickaxe":8,"minecraft:golden_leggings":1,"minecraft:stone_axe":1,"minecraft:golden_sword":8,"minecraft:dirt":5,"minecraft:crafting_table":2},"minecraft:custom":{"minecraft:time_since_rest":2438,"minecraft:sprint_one_cm":14816,"minecraft:damage_taken":130,"minecraft:walk_one_cm":28313,"minecraft:mob_kills":5,"minecraft:drop":2,"minecraft:damage_dealt":565,"minecraft:interact_with_crafting_table":2,"minecraft:swim_one_cm":16729,"minecraft:fly_one_cm":40753,"minecraft:open_chest":2,"minecraft:crouch_one_cm":622,"minecraft:play_time":17467,"minecraft:sneak_time":622,"minecraft:walk_under_water_one_cm":8536,"minecraft:jump":314,"minecraft:time_since_death":17400,"minecraft:walk_on_water_one_cm":12516,"minecraft:sleep_in_bed":1,"minecraft:climb_one_cm":1061,"minecraft:total_world_time":17467,"minecraft:fall_one_cm":7402},"minecraft:picked_up":{"minecraft:golden_helmet":1,"minecraft:crafting_table":2,"minecraft:leather":11,"minecraft:golden_leggings":1,"minecraft:oak_log":5,"minecraft:dirt":10,"minecraft:wheat_seeds":3,"minecraft:beef":10,"minecraft:mutton":4,"minecraft:white_wool":3,"minecraft:cobblestone":6},"minecraft:dropped":{"minecraft:wheat_seeds":1,"minecraft:golden_helmet":1},"minecraft:killed":{"minecraft:sheep":2,"minecraft:cow":3}},"DataVersion":3465}