{"stats":{"minecraft:mined":{"minecraft:deepslate_diamond_ore":3,"minecraft:infested_stone_bricks":1,"minecraft:mossy_stone_brick_slab":1,"minecraft:basalt":1,"minecraft:jungle_leaves":9,"minecraft:obsidian":3,"minecraft:crafting_table":3,"minecraft:grass_block":9,"minecraft:melon":6,"minecraft:jungle_log":2,"minecraft:cobblestone":1,"minecraft:sugar_cane":3,"minecraft:iron_door":2,"minecraft:spawner":1,"minecraft:fire":7,"minecraft:grass":60,"minecraft:oak_log":5,"minecraft:deepslate_iron_ore":3,"minecraft:vine":8,"minecraft:gravel":17,"minecraft:sand":2,"minecraft:dirt":11,"minecraft:mossy_stone_bricks":7,"minecraft:cracked_stone_bricks":2,"minecraft:stone_bricks":3,"minecraft:stone":16,"minecraft:netherrack":3,"minecraft:white_wool":2,"minecraft:deepslate":9,"minecraft:fern":13},"minecraft:crafted":{"minecraft:oak_planks":20,"toughasnails:leaf_chestplate":1,"minecraft:crafting_table":1,"minecraft:blaze_powder":28,"minecraft:wooden_pickaxe":1,"minecraft:iron_sword":1,"minecraft:stone_axe":1,"toughasnails:leaf_leggings":1,"minecraft:air":0,"minecraft:jungle_planks":8,"minecraft:flint_and_steel":1,"minecraft:diamond_pickaxe":1,"minecraft:stick":36,"minecraft:iron_ingot":3,"minecraft:stone_pickaxe":1,"minecraft:wooden_axe":1,"toughasnails:leaf_helmet":1,"minecraft:ender_eye":13},"minecraft:used":{"minecraft:acacia_boat":2,"toughasnails:leaf_leggings":1,"toughasnails:leaf_helmet":1,"minecraft:flint_and_steel":3,"minecraft:stone_pickaxe":11,"minecraft:redstone":3,"minecraft:wooden_pickaxe":8,"minecraft:iron_sword":51,"minecraft:iron_chestplate":5,"minecraft:white_wool":2,"minecraft:torch":4,"minecraft:golden_apple":1,"minecraft:mutton":1,"minecraft:dirt":12,"minecraft:sand":2,"minecraft:rail":17,"minecraft:crafting_table":5,"minecraft:nether_bricks":37,"minecraft:obsidian":5,"minecraft:wooden_axe":1,"minecraft:ender_eye":22,"minecraft:diamond_pickaxe":35,"minecraft:melon_slice":3,"minecraft:iron_pickaxe":4,"toughasnails:leaf_chestplate":5,"minecraft:gravel":3,"minecraft:golden_leggings":1,"minecraft:stone_axe":1,"minecraft:basalt":1,"minecraft:golden_sword":8,"minecraft:cobblestone":3,"minecraft:furnace":1,"minecraft:cobbled_deepslate":1},"minecraft:custom":{"minecraft:interact_with_furnace":6,"minecraft:mob_kills":18,"minecraft:interact_with_crafting_table":10,"minecraft:leave_game":1,"minecraft:time_since_death":82085,"minecraft:sleep_in_bed":1,"minecraft:climb_one_cm":3253,"minecraft:time_since_rest":68313,"minecraft:sprint_one_cm":107676,"minecraft:damage_taken":3753,"minecraft:walk_one_cm":126126,"minecraft:drop":137,"minecraft:damage_dealt":3063,"minecraft:swim_one_cm":33656,"minecraft:fly_one_cm":209884,"minecraft:open_chest":2,"minecraft:crouch_one_cm":8948,"minecraft:play_time":83342,"minecraft:sneak_time":5691,"minecraft:walk_under_water_one_cm":50644,"minecraft:boat_one_cm":20414,"minecraft:jump":1123,"minecraft:walk_on_water_one_cm":28410,"minecraft:total_world_time":83342,"minecraft:fall_one_cm":29455},"minecraft:picked_up":{"minecraft:crafting_table":3,"minecraft:basalt":1,"minecraft:iron_door":3,"minecraft:jungle_log":2,"minecraft:chest_minecart":2,"minecraft:leather":11,"minecraft:golden_leggings":1,"minecraft:flint":1,"firstaid:morphine":1,"minecraft:oak_log":5,"minecraft:dirt":17,"minecraft:name_tag":1,"minecraft:bone":2,"minecraft:stone_bricks":4,"minecraft:cracked_stone_bricks":1,"minecraft:wheat_seeds":3,"minecraft:cobbled_deepslate":2,"minecraft:beef":10,"minecraft:stone_pickaxe":64,"minecraft:ender_eye":9,"minecraft:mossy_stone_bricks":7,"minecraft:iron_pickaxe":1,"minecraft:powered_rail":1,"minecraft:melon_slice":28,"minecraft:sugar_cane":6,"minecraft:golden_helmet":1,"minecraft:raw_iron":3,"minecraft:torch":17,"minecraft:gravel":16,"minecraft:sand":2,"minecraft:redstone":5,"minecraft:mossy_stone_brick_slab":1,"minecraft:jungle_leaves":47,"minecraft:diamond":3,"minecraft:blaze_rod":5,"minecraft:golden_apple":1,"minecraft:netherrack":2,"minecraft:obsidian":3,"firstaid:bandage":3,"minecraft:white_wool":6,"minecraft:melon_seeds":3,"minecraft:glow_berries":4,"minecraft:mutton":5,"minecraft:coal":8,"minecraft:rail":17,"minecraft:cobblestone":17},"minecraft:dropped":{"toughasnails:leaf_chestplate":2,"minecraft:wheat_seeds":1,"minecraft:golden_helmet":1,"minecraft:crafting_table":189,"minecraft:cobblestone":8,"minecraft:stone_pickaxe":191,"minecraft:iron_pickaxe":1},"minecraft:killed":{"minecraft:spider":1,"minecraft:sheep":3,"minecraft:zombie":2,"minecraft:wither_skeleton":1,"minecraft:blaze":8,"minecraft:cow":3},"minecraft:broken":{"toughasnails:leaf_leggings":1,"toughasnails:leaf_helmet":1}},"DataVersion":3465}