{"stats":{"minecraft:mined":{"minecraft:fire":3,"minecraft:jungle_leaves":7,"minecraft:crafting_table":2,"minecraft:grass":52,"minecraft:grass_block":7,"minecraft:oak_log":5,"minecraft:melon":4,"minecraft:sand":1,"minecraft:dirt":7,"minecraft:stone":6,"minecraft:sugar_cane":3,"minecraft:white_wool":2,"minecraft:fern":11},"minecraft:crafted":{"minecraft:oak_planks":20,"minecraft:crafting_table":1,"minecraft:stick":20,"minecraft:wooden_pickaxe":1,"minecraft:stone_pickaxe":1,"minecraft:wooden_axe":1,"minecraft:stone_axe":1},"minecraft:used":{"minecraft:wooden_axe":1,"minecraft:melon_slice":3,"minecraft:wooden_pickaxe":8,"minecraft:golden_leggings":1,"minecraft:stone_axe":1,"minecraft:white_wool":2,"minecraft:golden_sword":8,"minecraft:sand":1,"minecraft:dirt":8,"minecraft:crafting_table":2},"minecraft:custom":{"minecraft:time_since_rest":14404,"minecraft:sprint_one_cm":21908,"minecraft:damage_taken":505,"minecraft:walk_one_cm":34658,"minecraft:mob_kills":5,"minecraft:drop":2,"minecraft:damage_dealt":630,"minecraft:interact_with_crafting_table":2,"minecraft:swim_one_cm":19059,"minecraft:fly_one_cm":65856,"minecraft:open_chest":2,"minecraft:crouch_one_cm":1210,"minecraft:play_time":29433,"minecraft:sneak_time":837,"minecraft:walk_under_water_one_cm":15805,"minecraft:jump":484,"minecraft:leave_game":1,"minecraft:time_since_death":28636,"minecraft:walk_on_water_one_cm":15966,"minecraft:sleep_in_bed":1,"minecraft:climb_one_cm":3084,"minecraft:total_world_time":29433,"minecraft:fall_one_cm":11434},"minecraft:picked_up":{"minecraft:golden_helmet":1,"minecraft:crafting_table":2,"minecraft:leather":11,"minecraft:golden_leggings":1,"minecraft:sand":1,"minecraft:oak_log":5,"minecraft:dirt":13,"minecraft:wheat_seeds":3,"minecraft:beef":10,"minecraft:melon_slice":17,"minecraft:sugar_cane":6,"minecraft:mutton":4,"minecraft:white_wool":5,"minecraft:cobblestone":6},"minecraft:dropped":{"minecraft:wheat_seeds":1,"minecraft:golden_helmet":1},"minecraft:killed":{"minecraft:sheep":2,"minecraft:cow":3}},"DataVersion":3465}