{"stats":{"minecraft:picked_up":{"minecraft:oak_log":6},"minecraft:used":{"minecraft:crafting_table":1},"minecraft:crafted":{"minecraft:crafting_table":1,"minecraft:oak_planks":24},"minecraft:mined":{"minecraft:tall_grass":1,"minecraft:oak_log":7},"minecraft:custom":{"minecraft:jump":13,"minecraft:time_since_rest":2209,"minecraft:crouch_one_cm":1057,"minecraft:sprint_one_cm":4813,"minecraft:play_time":2209,"minecraft:walk_on_water_one_cm":2051,"minecraft:time_since_death":2209,"minecraft:walk_one_cm":2865,"minecraft:sneak_time":415,"minecraft:total_world_time":2209,"minecraft:walk_under_water_one_cm":779,"minecraft:interact_with_crafting_table":1,"minecraft:fly_one_cm":2371}},"DataVersion":3465}