{"stats":{"minecraft:mined":{"minecraft:dark_oak_planks":35,"minecraft:white_bed":2,"minecraft:deepslate_diamond_ore":1,"minecraft:jungle_leaves":89,"minecraft:orange_terracotta":1,"minecraft:crafting_table":5,"minecraft:granite":3,"minecraft:dark_oak_fence":12,"minecraft:grass_block":1,"minecraft:poppy":1,"minecraft:melon":10,"minecraft:jungle_log":8,"minecraft:dead_bush":40,"minecraft:deepslate_gold_ore":2,"minecraft:oak_planks":4,"minecraft:sugar_cane":16,"minecraft:iron_door":1,"minecraft:wall_torch":1,"minecraft:spawner":1,"minecraft:cactus":1,"minecraft:furnace":2,"minecraft:iron_ore":1,"minecraft:fire":5,"minecraft:iron_bars":1,"minecraft:grass":22,"minecraft:coal_ore":22,"minecraft:deepslate_iron_ore":5,"minecraft:vine":12,"minecraft:rail":21,"minecraft:gravel":1,"minecraft:sand":4,"minecraft:dirt":2,"minecraft:cobweb":2,"minecraft:stone_bricks":2,"minecraft:cracked_stone_bricks":1,"minecraft:terracotta":11,"minecraft:bamboo":3,"minecraft:stone":40,"minecraft:gold_ore":10,"minecraft:oak_leaves":2,"minecraft:deepslate":19,"minecraft:fern":5},"minecraft:used":{"toughasnails:leaf_leggings":1,"minecraft:stone_sword":19,"minecraft:flint_and_steel":5,"minecraft:glass_bottle":4,"minecraft:stone_pickaxe":91,"minecraft:wooden_pickaxe":18,"minecraft:torch":9,"minecraft:terracotta":10,"minecraft:dirt":2,"minecraft:sand":1,"minecraft:vine":2,"minecraft:crafting_table":8,"minecraft:jungle_planks":18,"minecraft:granite":2,"minecraft:white_bed":2,"minecraft:shears":95,"minecraft:dark_oak_door":1,"minecraft:dark_oak_planks":25,"minecraft:iron_axe":3,"minecraft:iron_pickaxe":54,"minecraft:golden_leggings":1,"minecraft:golden_helmet":2,"minecraft:potion":1,"minecraft:stone_axe":96,"minecraft:cobblestone":20,"minecraft:furnace":2,"minecraft:cobbled_deepslate":2,"minecraft:orange_terracotta":1},"minecraft:crafted":{"minecraft:glass_bottle":3,"toughasnails:leaf_boots":1,"minecraft:crafting_table":3,"minecraft:wooden_pickaxe":1,"minecraft:furnace":2,"minecraft:bucket":1,"toughasnails:leaf_leggings":1,"minecraft:stone_axe":1,"minecraft:air":0,"minecraft:jungle_planks":32,"minecraft:dark_oak_door":3,"minecraft:glass":3,"minecraft:iron_axe":1,"minecraft:stick":8,"minecraft:iron_ingot":6,"minecraft:iron_pickaxe":1,"minecraft:stone_pickaxe":1,"minecraft:stone_sword":1,"toughasnails:leaf_helmet":1,"minecraft:white_bed":1,"minecraft:torch":16,"minecraft:shears":1},"minecraft:custom":{"minecraft:interact_with_furnace":10,"minecraft:mob_kills":8,"minecraft:interact_with_crafting_table":18,"minecraft:time_since_death":82081,"minecraft:sleep_in_bed":2,"minecraft:climb_one_cm":2374,"minecraft:time_since_rest":68661,"minecraft:sprint_one_cm":268063,"minecraft:damage_taken":3739,"minecraft:walk_one_cm":220860,"minecraft:drop":25,"minecraft:damage_dealt":1195,"minecraft:swim_one_cm":78992,"minecraft:fly_one_cm":247426,"minecraft:open_chest":1,"minecraft:crouch_one_cm":19422,"minecraft:play_time":83090,"minecraft:sneak_time":5631,"minecraft:walk_under_water_one_cm":23408,"minecraft:boat_one_cm":4638,"minecraft:jump":1416,"minecraft:walk_on_water_one_cm":35561,"minecraft:total_world_time":83090,"minecraft:fall_one_cm":43413},"minecraft:picked_up":{"minecraft:cocoa_beans":1,"minecraft:crafting_table":5,"minecraft:jungle_log":8,"minecraft:flint":1,"minecraft:string":2,"minecraft:dirt":3,"minecraft:orange_terracotta":1,"minecraft:bone":2,"minecraft:cracked_stone_bricks":2,"minecraft:wheat_seeds":5,"minecraft:cobbled_deepslate":22,"minecraft:raw_gold":11,"minecraft:stone_pickaxe":65,"minecraft:iron_pickaxe":1,"minecraft:poppy":1,"minecraft:bamboo":15,"minecraft:melon_slice":49,"minecraft:sugar_cane":20,"minecraft:oak_planks":4,"toughasnails:leaf_chestplate":1,"minecraft:golden_helmet":1,"minecraft:stick":37,"minecraft:raw_iron":6,"minecraft:cooked_porkchop":1,"minecraft:torch":2,"minecraft:porkchop":2,"minecraft:sand":4,"minecraft:white_bed":1,"minecraft:vine":5,"minecraft:jungle_leaves":63,"minecraft:dark_oak_planks":35,"minecraft:rotten_flesh":1,"minecraft:cactus":1,"minecraft:diamond":1,"minecraft:iron_bars":1,"minecraft:granite":2,"minecraft:bread":2,"minecraft:rail":21,"minecraft:dark_oak_fence":12,"minecraft:terracotta":11,"minecraft:oak_sapling":1,"minecraft:mutton":6,"minecraft:coal":22,"minecraft:white_wool":3,"minecraft:cobblestone":36},"minecraft:dropped":{"minecraft:bread":2,"minecraft:porkchop":2,"minecraft:wheat_seeds":6,"minecraft:golden_helmet":1,"minecraft:cocoa_beans":1,"minecraft:rotten_flesh":1,"minecraft:rail":46,"minecraft:poppy":1,"minecraft:golden_leggings":1,"minecraft:oak_sapling":1,"minecraft:jungle_leaves":47,"minecraft:stone_pickaxe":65,"minecraft:iron_pickaxe":1,"minecraft:cactus":1,"minecraft:string":2,"minecraft:bone":2},"minecraft:killed":{"minecraft:pig":1,"minecraft:skeleton":1,"minecraft:sheep":4,"minecraft:zombie":1},"minecraft:broken":{"toughasnails:leaf_chestplate":1,"toughasnails:leaf_helmet":1}},"DataVersion":3465}