{"stats":{"minecraft:picked_up":{"minecraft:wooden_axe":2,"minecraft:raw_iron":6,"minecraft:crafting_table":6,"minecraft:stick":8,"minecraft:wooden_pickaxe":2,"minecraft:gravel":4,"minecraft:flint":2,"minecraft:oak_log":18,"minecraft:diorite":5,"minecraft:string":1,"minecraft:spider_eye":1,"minecraft:dirt":54,"minecraft:bone":4,"minecraft:rotten_flesh":11,"minecraft:stone_axe":1,"minecraft:wheat_seeds":2,"minecraft:iron_ingot":4,"minecraft:stone_pickaxe":1,"minecraft:oak_sapling":2,"minecraft:oak_planks":36,"minecraft:coal":34,"minecraft:cobblestone":16,"minecraft:furnace":2},"minecraft:used":{"minecraft:water_bucket":19,"minecraft:diorite":1,"minecraft:lava_bucket":14,"minecraft:flint_and_steel":1,"minecraft:stone_pickaxe":41,"minecraft:oak_planks":27,"minecraft:wooden_pickaxe":39,"minecraft:gravel":4,"minecraft:stone_axe":42,"minecraft:dirt":32,"minecraft:cobblestone":1,"minecraft:crafting_table":5,"minecraft:furnace":2,"minecraft:bucket":34},"minecraft:killed":{"minecraft:skeleton":1,"minecraft:zombie":4,"minecraft:spider":1},"minecraft:broken":{"minecraft:wooden_pickaxe":1},"minecraft:killed_by":{"minecraft:skeleton":1},"minecraft:crafted":{"minecraft:oak_planks":48,"minecraft:crafting_table":2,"minecraft:stick":8,"minecraft:iron_ingot":6,"minecraft:wooden_pickaxe":2,"minecraft:stone_pickaxe":1,"minecraft:furnace":1,"minecraft:bucket":2,"minecraft:stone_axe":1,"minecraft:air":0,"minecraft:flint_and_steel":1},"minecraft:dropped":{"minecraft:oak_log":6,"minecraft:wooden_axe":2,"minecraft:wooden_pickaxe":1},"minecraft:mined":{"minecraft:furnace":1,"minecraft:iron_ore":8,"minecraft:crafting_table":3,"minecraft:grass":8,"minecraft:grass_block":8,"minecraft:oak_log":19,"minecraft:coal_ore":18,"minecraft:weeping_vines":1,"minecraft:gravel":9,"minecraft:dirt":1,"minecraft:tall_grass":2,"minecraft:stone":16,"minecraft:oak_planks":20,"minecraft:oak_leaves":13,"minecraft:diorite":3},"minecraft:custom":{"minecraft:time_since_rest":11441,"minecraft:interact_with_furnace":5,"minecraft:sprint_one_cm":85369,"minecraft:damage_taken":595,"minecraft:walk_one_cm":137147,"minecraft:mob_kills":7,"minecraft:drop":4,"minecraft:damage_dealt":1078,"minecraft:swim_one_cm":4996,"minecraft:interact_with_crafting_table":13,"minecraft:fly_one_cm":62965,"minecraft:crouch_one_cm":8038,"minecraft:play_time":38209,"minecraft:deaths":2,"minecraft:sneak_time":3840,"minecraft:walk_under_water_one_cm":13195,"minecraft:jump":650,"minecraft:walk_on_water_one_cm":22671,"minecraft:time_since_death":11414,"minecraft:climb_one_cm":514,"minecraft:total_world_time":38209,"minecraft:fall_one_cm":12791}},"DataVersion":3465}