{"stats":{"minecraft:mined":{"minecraft:cactus":1,"minecraft:white_bed":1,"minecraft:iron_ore":1,"minecraft:fire":5,"minecraft:orange_terracotta":1,"minecraft:crafting_table":2,"minecraft:grass":22,"minecraft:coal_ore":22,"minecraft:poppy":1,"minecraft:melon":10,"minecraft:vine":6,"minecraft:jungle_log":8,"minecraft:dead_bush":39,"minecraft:gravel":1,"minecraft:sand":1,"minecraft:dirt":2,"minecraft:terracotta":1,"minecraft:bamboo":3,"minecraft:stone":27,"minecraft:sugar_cane":16,"minecraft:oak_leaves":2,"minecraft:fern":5},"minecraft:crafted":{"minecraft:crafting_table":1,"minecraft:stick":8,"minecraft:wooden_pickaxe":1,"minecraft:stone_pickaxe":1,"minecraft:stone_sword":1,"minecraft:furnace":1,"minecraft:white_bed":1,"minecraft:stone_axe":1,"minecraft:jungle_planks":32},"minecraft:used":{"minecraft:flint_and_steel":4,"minecraft:stone_pickaxe":50,"minecraft:wooden_pickaxe":18,"minecraft:golden_leggings":1,"minecraft:golden_helmet":2,"minecraft:stone_axe":43,"minecraft:cobblestone":7,"minecraft:crafting_table":3,"minecraft:jungle_planks":18,"minecraft:white_bed":2},"minecraft:custom":{"minecraft:time_since_rest":14661,"minecraft:sprint_one_cm":85363,"minecraft:damage_taken":465,"minecraft:walk_one_cm":67557,"minecraft:mob_kills":5,"minecraft:drop":2,"minecraft:damage_dealt":380,"minecraft:interact_with_crafting_table":5,"minecraft:swim_one_cm":53084,"minecraft:fly_one_cm":72389,"minecraft:open_chest":1,"minecraft:crouch_one_cm":9455,"minecraft:play_time":29090,"minecraft:sneak_time":2426,"minecraft:walk_under_water_one_cm":14429,"minecraft:jump":480,"minecraft:time_since_death":29021,"minecraft:walk_on_water_one_cm":25467,"minecraft:sleep_in_bed":2,"minecraft:climb_one_cm":636,"minecraft:total_world_time":29090,"minecraft:fall_one_cm":7642},"minecraft:picked_up":{"minecraft:raw_iron":1,"minecraft:golden_helmet":1,"minecraft:cocoa_beans":1,"minecraft:stick":35,"minecraft:crafting_table":2,"minecraft:cooked_porkchop":1,"minecraft:jungle_log":8,"minecraft:flint":1,"minecraft:porkchop":2,"minecraft:sand":1,"minecraft:white_bed":1,"minecraft:dirt":2,"minecraft:orange_terracotta":1,"minecraft:cactus":1,"minecraft:wheat_seeds":5,"minecraft:terracotta":1,"minecraft:poppy":1,"minecraft:bamboo":15,"minecraft:oak_sapling":1,"minecraft:melon_slice":49,"minecraft:sugar_cane":20,"minecraft:mutton":6,"minecraft:white_wool":3,"minecraft:coal":22,"minecraft:cobblestone":27},"minecraft:dropped":{"minecraft:golden_helmet":1,"minecraft:golden_leggings":1},"minecraft:killed":{"minecraft:sheep":4,"minecraft:pig":1}},"DataVersion":3465}