{"stats":{"minecraft:picked_up":{"minecraft:crafting_table":3,"minecraft:stick":8,"minecraft:oak_log":12,"minecraft:dirt":17,"minecraft:bone":2,"minecraft:rotten_flesh":4,"minecraft:wheat_seeds":1,"minecraft:oak_planks":17,"minecraft:coal":2,"minecraft:cobblestone":5},"minecraft:used":{"minecraft:wooden_pickaxe":38,"minecraft:dirt":3,"minecraft:crafting_table":3},"minecraft:killed":{"minecraft:skeleton":1,"minecraft:zombie":1},"minecraft:broken":{"minecraft:wooden_pickaxe":1},"minecraft:killed_by":{"minecraft:skeleton":1},"minecraft:crafted":{"minecraft:oak_planks":24,"minecraft:crafting_table":2,"minecraft:stick":4,"minecraft:wooden_pickaxe":2,"minecraft:stone_pickaxe":1},"minecraft:dropped":{"minecraft:oak_log":6},"minecraft:mined":{"minecraft:crafting_table":1,"minecraft:grass":4,"minecraft:oak_log":13,"minecraft:coal_ore":2,"minecraft:tall_grass":2,"minecraft:stone":5},"minecraft:custom":{"minecraft:time_since_rest":2372,"minecraft:sprint_one_cm":37990,"minecraft:damage_taken":230,"minecraft:walk_one_cm":53450,"minecraft:mob_kills":3,"minecraft:drop":1,"minecraft:damage_dealt":373,"minecraft:swim_one_cm":1967,"minecraft:interact_with_crafting_table":5,"minecraft:fly_one_cm":36926,"minecraft:crouch_one_cm":3764,"minecraft:play_time":14209,"minecraft:deaths":1,"minecraft:sneak_time":1410,"minecraft:walk_under_water_one_cm":2178,"minecraft:jump":339,"minecraft:walk_on_water_one_cm":6229,"minecraft:time_since_death":2344,"minecraft:total_world_time":14209,"minecraft:fall_one_cm":6078}},"DataVersion":3465}