{"stats":{"minecraft:mined":{"minecraft:dark_oak_planks":33,"minecraft:white_bed":1,"minecraft:deepslate_diamond_ore":1,"minecraft:jungle_leaves":36,"minecraft:orange_terracotta":1,"minecraft:crafting_table":4,"minecraft:dark_oak_fence":12,"minecraft:poppy":1,"minecraft:melon":10,"minecraft:jungle_log":8,"minecraft:dead_bush":40,"minecraft:deepslate_gold_ore":2,"minecraft:oak_planks":4,"minecraft:sugar_cane":16,"minecraft:wall_torch":1,"minecraft:spawner":1,"minecraft:cactus":1,"minecraft:furnace":1,"minecraft:iron_ore":1,"minecraft:fire":5,"minecraft:grass":22,"minecraft:coal_ore":22,"minecraft:deepslate_iron_ore":5,"minecraft:vine":7,"minecraft:rail":21,"minecraft:gravel":1,"minecraft:sand":1,"minecraft:dirt":2,"minecraft:cobweb":2,"minecraft:terracotta":11,"minecraft:bamboo":3,"minecraft:stone":34,"minecraft:gold_ore":10,"minecraft:oak_leaves":2,"minecraft:deepslate":19,"minecraft:fern":5},"minecraft:used":{"minecraft:stone_sword":19,"minecraft:flint_and_steel":5,"minecraft:stone_pickaxe":91,"minecraft:wooden_pickaxe":18,"minecraft:torch":9,"minecraft:terracotta":10,"minecraft:dirt":2,"minecraft:sand":1,"minecraft:crafting_table":6,"minecraft:jungle_planks":18,"minecraft:white_bed":2,"minecraft:shears":37,"minecraft:iron_pickaxe":37,"minecraft:golden_leggings":1,"minecraft:golden_helmet":2,"minecraft:stone_axe":96,"minecraft:cobblestone":18,"minecraft:furnace":1,"minecraft:cobbled_deepslate":2,"minecraft:orange_terracotta":1},"minecraft:crafted":{"toughasnails:leaf_boots":1,"minecraft:crafting_table":2,"minecraft:wooden_pickaxe":1,"minecraft:furnace":2,"minecraft:stone_axe":1,"minecraft:jungle_planks":32,"minecraft:stick":8,"minecraft:iron_pickaxe":1,"minecraft:stone_pickaxe":1,"minecraft:stone_sword":1,"toughasnails:leaf_helmet":1,"minecraft:white_bed":1,"minecraft:torch":16,"minecraft:shears":1},"minecraft:custom":{"minecraft:mob_kills":7,"minecraft:interact_with_crafting_table":10,"minecraft:time_since_death":64178,"minecraft:sleep_in_bed":2,"minecraft:climb_one_cm":939,"minecraft:time_since_rest":50661,"minecraft:sprint_one_cm":231822,"minecraft:damage_taken":3140,"minecraft:walk_one_cm":178884,"minecraft:drop":21,"minecraft:damage_dealt":1065,"minecraft:swim_one_cm":65887,"minecraft:fly_one_cm":217622,"minecraft:open_chest":1,"minecraft:crouch_one_cm":15439,"minecraft:play_time":65090,"minecraft:sneak_time":4516,"minecraft:walk_under_water_one_cm":16855,"minecraft:jump":1202,"minecraft:walk_on_water_one_cm":29835,"minecraft:total_world_time":65090,"minecraft:fall_one_cm":33455},"minecraft:picked_up":{"minecraft:cocoa_beans":1,"minecraft:crafting_table":4,"minecraft:jungle_log":8,"minecraft:flint":1,"minecraft:string":2,"minecraft:dirt":2,"minecraft:orange_terracotta":1,"minecraft:bone":2,"minecraft:wheat_seeds":5,"minecraft:cobbled_deepslate":22,"minecraft:raw_gold":11,"minecraft:stone_pickaxe":65,"minecraft:iron_pickaxe":1,"minecraft:poppy":1,"minecraft:bamboo":15,"minecraft:melon_slice":49,"minecraft:sugar_cane":20,"minecraft:oak_planks":4,"minecraft:golden_helmet":1,"minecraft:stick":37,"minecraft:raw_iron":6,"minecraft:cooked_porkchop":1,"minecraft:torch":2,"minecraft:porkchop":2,"minecraft:sand":1,"minecraft:white_bed":1,"minecraft:jungle_leaves":10,"minecraft:dark_oak_planks":33,"minecraft:rotten_flesh":1,"minecraft:cactus":1,"minecraft:diamond":1,"minecraft:bread":2,"minecraft:rail":21,"minecraft:dark_oak_fence":12,"minecraft:terracotta":11,"minecraft:oak_sapling":1,"minecraft:mutton":6,"minecraft:coal":22,"minecraft:white_wool":3,"minecraft:cobblestone":34},"minecraft:dropped":{"minecraft:bread":2,"minecraft:wheat_seeds":6,"minecraft:golden_helmet":1,"minecraft:cocoa_beans":1,"minecraft:rotten_flesh":1,"minecraft:poppy":1,"minecraft:golden_leggings":1,"minecraft:oak_sapling":1,"minecraft:stone_pickaxe":65,"minecraft:iron_pickaxe":1,"minecraft:cactus":1,"minecraft:bone":2},"minecraft:killed":{"minecraft:pig":1,"minecraft:skeleton":1,"minecraft:sheep":4,"minecraft:zombie":1}},"DataVersion":3465}