{"stats":{"minecraft:mined":{"minecraft:white_bed":1,"minecraft:orange_terracotta":1,"minecraft:crafting_table":2,"minecraft:poppy":1,"minecraft:melon":10,"minecraft:jungle_log":8,"minecraft:dead_bush":40,"minecraft:sugar_cane":16,"minecraft:spawner":1,"minecraft:cactus":1,"minecraft:iron_ore":1,"minecraft:fire":5,"minecraft:grass":22,"minecraft:coal_ore":22,"minecraft:vine":6,"minecraft:gravel":1,"minecraft:sand":1,"minecraft:dirt":2,"minecraft:terracotta":1,"minecraft:bamboo":3,"minecraft:stone":34,"minecraft:oak_leaves":2,"minecraft:deepslate":16,"minecraft:fern":5},"minecraft:crafted":{"minecraft:crafting_table":1,"minecraft:wooden_pickaxe":1,"minecraft:furnace":1,"minecraft:stone_axe":1,"minecraft:jungle_planks":32,"minecraft:stick":8,"minecraft:stone_pickaxe":1,"minecraft:stone_sword":1,"minecraft:white_bed":1},"minecraft:used":{"minecraft:stone_sword":14,"minecraft:flint_and_steel":4,"minecraft:stone_pickaxe":74,"minecraft:wooden_pickaxe":18,"minecraft:terracotta":1,"minecraft:dirt":2,"minecraft:sand":1,"minecraft:crafting_table":3,"minecraft:jungle_planks":18,"minecraft:white_bed":2,"minecraft:golden_leggings":1,"minecraft:golden_helmet":2,"minecraft:stone_axe":43,"minecraft:cobblestone":18,"minecraft:furnace":1,"minecraft:orange_terracotta":1},"minecraft:custom":{"minecraft:mob_kills":6,"minecraft:interact_with_crafting_table":5,"minecraft:time_since_death":40792,"minecraft:sleep_in_bed":2,"minecraft:climb_one_cm":939,"minecraft:time_since_rest":26661,"minecraft:sprint_one_cm":129583,"minecraft:damage_taken":1420,"minecraft:walk_one_cm":102394,"minecraft:drop":6,"minecraft:damage_dealt":793,"minecraft:swim_one_cm":53084,"minecraft:fly_one_cm":107382,"minecraft:open_chest":1,"minecraft:crouch_one_cm":12135,"minecraft:play_time":41090,"minecraft:sneak_time":3579,"minecraft:walk_under_water_one_cm":14429,"minecraft:jump":682,"minecraft:walk_on_water_one_cm":25467,"minecraft:total_world_time":41090,"minecraft:fall_one_cm":16977},"minecraft:picked_up":{"minecraft:cocoa_beans":1,"minecraft:crafting_table":2,"minecraft:jungle_log":8,"minecraft:flint":1,"minecraft:dirt":2,"minecraft:orange_terracotta":1,"minecraft:wheat_seeds":5,"minecraft:cobbled_deepslate":19,"minecraft:stone_pickaxe":65,"minecraft:poppy":1,"minecraft:bamboo":15,"minecraft:melon_slice":49,"minecraft:sugar_cane":20,"minecraft:golden_helmet":1,"minecraft:stick":37,"minecraft:raw_iron":1,"minecraft:cooked_porkchop":1,"minecraft:porkchop":2,"minecraft:sand":1,"minecraft:white_bed":1,"minecraft:rotten_flesh":1,"minecraft:cactus":1,"minecraft:terracotta":1,"minecraft:oak_sapling":1,"minecraft:mutton":6,"minecraft:coal":22,"minecraft:white_wool":3,"minecraft:cobblestone":34},"minecraft:dropped":{"minecraft:golden_helmet":1,"minecraft:golden_leggings":1,"minecraft:stone_pickaxe":65},"minecraft:killed":{"minecraft:pig":1,"minecraft:sheep":4,"minecraft:zombie":1}},"DataVersion":3465}