{"stats":{"minecraft:picked_up":{"minecraft:wooden_axe":2,"minecraft:crafting_table":6,"minecraft:water_bucket":1,"minecraft:wooden_pickaxe":3,"minecraft:potato":1,"minecraft:flint":2,"minecraft:oak_log":18,"minecraft:dirt":72,"minecraft:string":2,"minecraft:flint_and_steel":1,"minecraft:bone":6,"minecraft:wheat_seeds":6,"minecraft:iron_ingot":4,"minecraft:stone_pickaxe":2,"minecraft:oak_planks":43,"minecraft:furnace":2,"minecraft:stick":8,"minecraft:raw_iron":6,"minecraft:gravel":10,"minecraft:diorite":5,"minecraft:spider_eye":1,"minecraft:rotten_flesh":21,"minecraft:stone_axe":1,"minecraft:oak_sapling":3,"minecraft:coal":34,"minecraft:cobblestone":16},"minecraft:used":{"minecraft:water_bucket":24,"minecraft:netherite_sword":20,"minecraft:diorite":1,"minecraft:flint_and_steel":5,"minecraft:stone_pickaxe":41,"minecraft:oak_planks":27,"minecraft:wooden_pickaxe":58,"minecraft:netherrack":1,"minecraft:dirt":32,"minecraft:crafting_table":5,"minecraft:redstone_torch":4,"minecraft:lava_bucket":20,"minecraft:gravel":7,"minecraft:stone_axe":52,"minecraft:cobblestone":1,"minecraft:furnace":2,"minecraft:bucket":45,"minecraft:gold_block":9},"minecraft:killed":{"endofherobrine:herobrine":1,"minecraft:spider":1,"minecraft:skeleton":1,"minecraft:zombie":8},"minecraft:broken":{"minecraft:wooden_pickaxe":1},"minecraft:killed_by":{"minecraft:skeleton":1,"minecraft:zombie":1},"minecraft:crafted":{"minecraft:oak_planks":48,"minecraft:crafting_table":2,"minecraft:wooden_pickaxe":2,"minecraft:furnace":1,"minecraft:bucket":2,"minecraft:stone_axe":1,"minecraft:air":0,"minecraft:flint_and_steel":1,"minecraft:stick":8,"minecraft:iron_ingot":6,"minecraft:stone_pickaxe":1},"minecraft:dropped":{"minecraft:oak_log":6,"minecraft:wooden_axe":2,"minecraft:wooden_pickaxe":1},"minecraft:mined":{"minecraft:crafting_table":3,"minecraft:grass_block":8,"minecraft:weeping_vines":1,"minecraft:tall_grass":5,"minecraft:oak_planks":23,"minecraft:diorite":3,"minecraft:furnace":1,"minecraft:iron_ore":8,"minecraft:fire":2,"minecraft:grass":9,"minecraft:coal_ore":18,"minecraft:oak_log":19,"minecraft:gravel":12,"minecraft:dirt":25,"minecraft:stone":16,"minecraft:oak_leaves":13},"minecraft:custom":{"minecraft:interact_with_furnace":5,"minecraft:mob_kills":12,"minecraft:interact_with_crafting_table":13,"minecraft:time_since_death":2735,"minecraft:climb_one_cm":514,"minecraft:time_since_rest":2766,"minecraft:sprint_one_cm":106858,"minecraft:damage_taken":722,"minecraft:walk_one_cm":190167,"minecraft:drop":4,"minecraft:damage_dealt":1917,"minecraft:fly_one_cm":87146,"minecraft:swim_one_cm":4996,"minecraft:crouch_one_cm":12973,"minecraft:play_time":50209,"minecraft:deaths":3,"minecraft:sneak_time":4866,"minecraft:walk_under_water_one_cm":13470,"minecraft:jump":827,"minecraft:walk_on_water_one_cm":24014,"minecraft:total_world_time":50209,"minecraft:fall_one_cm":16731}},"DataVersion":3465}