{"stats":{"minecraft:mined":{"minecraft:fire":5,"minecraft:crafting_table":1,"minecraft:grass":14,"minecraft:coal_ore":18,"minecraft:vine":6,"minecraft:jungle_log":8,"minecraft:dirt":2,"minecraft:bamboo":3,"minecraft:stone":19,"minecraft:sugar_cane":4,"minecraft:oak_leaves":2,"minecraft:fern":4},"minecraft:crafted":{"minecraft:crafting_table":1,"minecraft:stick":8,"minecraft:wooden_pickaxe":1,"minecraft:stone_pickaxe":1,"minecraft:stone_sword":1,"minecraft:furnace":1,"minecraft:white_bed":1,"minecraft:stone_axe":1,"minecraft:jungle_planks":32},"minecraft:used":{"minecraft:flint_and_steel":4,"minecraft:stone_pickaxe":20,"minecraft:wooden_pickaxe":18,"minecraft:golden_leggings":1,"minecraft:golden_helmet":2,"minecraft:stone_axe":22,"minecraft:cobblestone":2,"minecraft:crafting_table":2,"minecraft:jungle_planks":15,"minecraft:white_bed":1},"minecraft:custom":{"minecraft:time_since_rest":2661,"minecraft:sprint_one_cm":32820,"minecraft:damage_taken":335,"minecraft:walk_one_cm":45427,"minecraft:mob_kills":5,"minecraft:drop":2,"minecraft:damage_dealt":380,"minecraft:interact_with_crafting_table":5,"minecraft:swim_one_cm":17646,"minecraft:fly_one_cm":20867,"minecraft:open_chest":1,"minecraft:crouch_one_cm":7495,"minecraft:play_time":17090,"minecraft:sneak_time":1997,"minecraft:walk_under_water_one_cm":7930,"minecraft:jump":192,"minecraft:time_since_death":17055,"minecraft:walk_on_water_one_cm":17951,"minecraft:sleep_in_bed":2,"minecraft:climb_one_cm":636,"minecraft:total_world_time":17090,"minecraft:fall_one_cm":2806},"minecraft:picked_up":{"minecraft:golden_helmet":1,"minecraft:cocoa_beans":1,"minecraft:crafting_table":1,"minecraft:cooked_porkchop":1,"minecraft:jungle_log":8,"minecraft:porkchop":2,"minecraft:dirt":2,"minecraft:wheat_seeds":3,"minecraft:bamboo":15,"minecraft:oak_sapling":1,"minecraft:sugar_cane":5,"minecraft:mutton":6,"minecraft:white_wool":3,"minecraft:coal":18,"minecraft:cobblestone":19},"minecraft:dropped":{"minecraft:golden_helmet":1,"minecraft:golden_leggings":1},"minecraft:killed":{"minecraft:sheep":4,"minecraft:pig":1}},"DataVersion":3465}