{"stats":{"minecraft:broken":{"minecraft:bow":1,"minecraft:stone_pickaxe":1},"minecraft:mined":{"minecraft:dark_oak_planks":12,"minecraft:tuff":1,"minecraft:deepslate_diamond_ore":8,"minecraft:mossy_cobblestone":3,"minecraft:dark_oak_leaves":1,"minecraft:dark_oak_log":34,"minecraft:crafting_table":1,"minecraft:granite":13,"minecraft:grass_block":9,"minecraft:mushroom_stem":3,"minecraft:cobblestone":2,"minecraft:deepslate_coal_ore":11,"minecraft:lapis_ore":1,"minecraft:deepslate_gold_ore":14,"minecraft:sugar_cane":3,"minecraft:diorite":8,"minecraft:birch_planks":7,"minecraft:iron_ore":18,"minecraft:birch_log":46,"minecraft:fire":11,"minecraft:light_gray_wool":1,"minecraft:birch_leaves":10,"minecraft:andesite":8,"minecraft:deepslate_lapis_ore":8,"minecraft:grass":4,"minecraft:coal_ore":22,"minecraft:deepslate_iron_ore":30,"minecraft:gravel":25,"minecraft:dirt":17,"minecraft:red_mushroom_block":1,"minecraft:stone":57,"minecraft:deepslate":12},"minecraft:used":{"minecraft:cooked_mutton":5,"minecraft:water_bucket":10,"minecraft:diorite":8,"minecraft:flint_and_steel":8,"minecraft:birch_planks":239,"minecraft:stone_pickaxe":132,"minecraft:ladder":7,"minecraft:wooden_pickaxe":20,"minecraft:white_wool":5,"minecraft:torch":33,"minecraft:mossy_cobblestone":3,"minecraft:dirt":14,"minecraft:crafting_table":1,"minecraft:tuff":1,"minecraft:granite":13,"minecraft:birch_fence":12,"minecraft:birch_door":1,"minecraft:wooden_axe":17,"minecraft:dark_oak_planks":25,"minecraft:iron_pickaxe":80,"minecraft:gravel":6,"minecraft:stone_axe":127,"minecraft:light_gray_wool":1,"minecraft:bow":2,"minecraft:cobblestone":53,"minecraft:furnace":1,"minecraft:bucket":12,"minecraft:andesite":8,"minecraft:cobbled_deepslate":4},"minecraft:dropped":{"minecraft:gravel":17,"minecraft:stone_axe":1,"minecraft:birch_planks":33,"minecraft:birch_sapling":1,"minecraft:raw_iron":8,"minecraft:cobblestone":6,"minecraft:light_gray_wool":1,"man:cassette_1safetyinstructions":2,"minecraft:gray_wool":1,"minecraft:torch":6,"minecraft:mutton":1,"minecraft:wooden_axe":1,"minecraft:wooden_pickaxe":1,"minecraft:stone_pickaxe":1,"minecraft:white_wool":2},"minecraft:killed_by":{"sanitydim:sneaking_terror":1,"minecraft:skeleton":2,"minecraft:creeper":1,"minecraft:zombie":1,"goatman:goatman":1,"sanitydim:rotting_stalker":2},"minecraft:custom":{"minecraft:interact_with_furnace":25,"minecraft:mob_kills":16,"minecraft:interact_with_crafting_table":13,"minecraft:leave_game":1,"minecraft:time_since_death":18254,"minecraft:climb_one_cm":1297,"minecraft:time_since_rest":18285,"minecraft:sprint_one_cm":364930,"minecraft:damage_taken":2811,"minecraft:walk_one_cm":557657,"minecraft:drop":28,"minecraft:damage_dealt":3825,"minecraft:swim_one_cm":16619,"minecraft:fly_one_cm":259703,"minecraft:open_chest":2,"minecraft:crouch_one_cm":53985,"minecraft:play_time":135561,"minecraft:deaths":10,"minecraft:sneak_time":16999,"minecraft:walk_under_water_one_cm":11432,"minecraft:jump":2316,"minecraft:walk_on_water_one_cm":25790,"minecraft:total_world_time":135561,"minecraft:fall_one_cm":58429},"minecraft:picked_up":{"minecraft:wooden_axe":2,"minecraft:birch_log":64,"minecraft:crafting_table":2,"minecraft:ladder":1,"minecraft:andesite":8,"minecraft:leather":2,"minecraft:red_mushroom":1,"minecraft:wooden_pickaxe":1,"minecraft:birch_planks":107,"minecraft:flint":1,"minecraft:tuff":1,"minecraft:lapis_lazuli":54,"minecraft:dirt":26,"minecraft:string":2,"man:cassette_1safetyinstructions":2,"minecraft:cooked_mutton":6,"minecraft:bone":3,"minecraft:bow":1,"minecraft:wheat_seeds":1,"minecraft:raw_gold":14,"minecraft:cobbled_deepslate":8,"minecraft:beef":10,"minecraft:stone_pickaxe":1,"minecraft:light_gray_wool":4,"minecraft:sugar_cane":7,"minecraft:birch_sapling":2,"minecraft:oak_planks":2,"minecraft:furnace":1,"minecraft:stick":3,"minecraft:raw_iron":47,"minecraft:torch":11,"minecraft:gravel":24,"minecraft:diorite":8,"minecraft:dark_oak_log":36,"minecraft:spider_eye":1,"minecraft:mossy_cobblestone":3,"minecraft:dark_oak_planks":14,"minecraft:arrow":4,"minecraft:rotten_flesh":1,"minecraft:diamond":7,"minecraft:stone_axe":1,"minecraft:granite":13,"minecraft:gray_wool":1,"minecraft:mutton":10,"minecraft:coal":33,"minecraft:white_wool":7,"minecraft:cobblestone":79},"minecraft:killed":{"minecraft:spider":1,"minecraft:skeleton":3,"minecraft:sheep":6,"minecraft:enderman":1,"minecraft:cow":4},"minecraft:crafted":{"minecraft:crafting_table":2,"minecraft:wooden_pickaxe":1,"minecraft:furnace":1,"minecraft:bucket":2,"minecraft:birch_planks":256,"minecraft:stone_axe":2,"minecraft:air":0,"minecraft:flint_and_steel":1,"minecraft:charcoal":2,"minecraft:ladder":6,"minecraft:birch_fence":12,"minecraft:stick":56,"minecraft:iron_ingot":7,"minecraft:stone_pickaxe":2,"minecraft:birch_door":3,"minecraft:torch":36,"minecraft:dark_oak_planks":136}},"DataVersion":3465}