{"stats":{"minecraft:mined":{"minecraft:dark_oak_planks":35,"minecraft:white_bed":2,"minecraft:deepslate_diamond_ore":1,"minecraft:jungle_leaves":89,"minecraft:end_stone":22,"minecraft:granite":3,"minecraft:dark_oak_fence":12,"minecraft:grass_block":1,"minecraft:jungle_log":8,"minecraft:spawner":1,"minecraft:furnace":2,"minecraft:iron_ore":1,"minecraft:fire":14,"minecraft:bookshelf":16,"minecraft:vine":12,"minecraft:deepslate_iron_ore":5,"minecraft:rail":21,"minecraft:iron_bars":2,"minecraft:bamboo":3,"minecraft:stone":40,"minecraft:orange_terracotta":1,"minecraft:crafting_table":5,"minecraft:poppy":1,"minecraft:melon":10,"minecraft:dead_bush":40,"minecraft:deepslate_gold_ore":2,"minecraft:sugar_cane":16,"minecraft:oak_planks":6,"minecraft:iron_door":1,"minecraft:wall_torch":1,"minecraft:cactus":1,"minecraft:grass":22,"minecraft:coal_ore":22,"minecraft:sand":4,"minecraft:gravel":1,"minecraft:dirt":2,"minecraft:cobweb":26,"minecraft:cracked_stone_bricks":1,"minecraft:terracotta":11,"minecraft:stone_bricks":2,"minecraft:gold_ore":10,"minecraft:oak_leaves":2,"minecraft:deepslate":19,"minecraft:fern":5},"minecraft:crafted":{"minecraft:furnace":2,"toughasnails:leaf_leggings":1,"minecraft:dark_oak_door":3,"minecraft:glass":3,"minecraft:iron_axe":1,"minecraft:stone_pickaxe":1,"toughasnails:leaf_helmet":1,"minecraft:glass_bottle":3,"toughasnails:leaf_boots":1,"minecraft:crafting_table":3,"minecraft:wooden_pickaxe":1,"minecraft:bucket":1,"minecraft:stone_axe":1,"minecraft:air":0,"minecraft:jungle_planks":32,"minecraft:stick":8,"minecraft:iron_ingot":6,"minecraft:iron_pickaxe":1,"minecraft:stone_sword":1,"minecraft:white_bed":1,"minecraft:torch":16,"minecraft:shears":1},"minecraft:used":{"minecraft:stone_sword":54,"minecraft:iron_bars":1,"minecraft:flint_and_steel":5,"minecraft:torch":9,"minecraft:dirt":2,"minecraft:jungle_planks":18,"minecraft:granite":2,"minecraft:dark_oak_planks":25,"minecraft:iron_axe":39,"minecraft:furnace":2,"minecraft:cobbled_deepslate":2,"minecraft:orange_terracotta":1,"minecraft:water_bucket":70,"toughasnails:leaf_leggings":1,"minecraft:glass_bottle":4,"minecraft:stone_pickaxe":91,"minecraft:oak_planks":2,"minecraft:wooden_pickaxe":18,"minecraft:sand":1,"minecraft:terracotta":10,"minecraft:vine":2,"minecraft:crafting_table":8,"minecraft:white_bed":2,"minecraft:end_stone":16,"minecraft:shears":95,"minecraft:dark_oak_door":1,"minecraft:iron_pickaxe":77,"minecraft:golden_helmet":2,"minecraft:golden_leggings":1,"minecraft:stone_axe":96,"minecraft:cobblestone":20,"minecraft:potion":1,"minecraft:bucket":71},"minecraft:custom":{"minecraft:mob_kills":19,"minecraft:interact_with_crafting_table":18,"minecraft:time_since_death":11631,"minecraft:climb_one_cm":3246,"minecraft:sprint_one_cm":351200,"minecraft:walk_one_cm":298120,"minecraft:drop":29,"minecraft:play_time":107090,"minecraft:deaths":1,"minecraft:sneak_time":7281,"minecraft:walk_under_water_one_cm":68828,"minecraft:boat_one_cm":4638,"minecraft:jump":1759,"minecraft:walk_on_water_one_cm":50407,"minecraft:total_world_time":107090,"minecraft:interact_with_furnace":10,"minecraft:sleep_in_bed":2,"minecraft:time_since_rest":11818,"minecraft:damage_taken":5473,"minecraft:damage_dealt":2288,"minecraft:swim_one_cm":79750,"minecraft:fly_one_cm":895701,"minecraft:open_chest":9,"minecraft:crouch_one_cm":24987,"minecraft:fall_one_cm":56108},"minecraft:picked_up":{"minecraft:cocoa_beans":1,"minecraft:crafting_table":5,"minecraft:string":2,"minecraft:cracked_stone_bricks":2,"minecraft:cobbled_deepslate":22,"minecraft:poppy":1,"minecraft:iron_pickaxe":1,"minecraft:melon_slice":49,"minecraft:sugar_cane":20,"minecraft:golden_helmet":1,"minecraft:raw_iron":6,"minecraft:stick":37,"minecraft:end_stone":22,"minecraft:torch":3,"minecraft:porkchop":2,"minecraft:vine":8,"minecraft:dark_oak_planks":35,"minecraft:cactus":1,"minecraft:rotten_flesh":1,"minecraft:mutton":6,"minecraft:iron_bars":1,"minecraft:white_wool":3,"minecraft:rail":21,"minecraft:cobblestone":36,"minecraft:jungle_log":8,"minecraft:flint":2,"minecraft:dirt":3,"minecraft:orange_terracotta":1,"minecraft:bone":2,"minecraft:wheat_seeds":5,"minecraft:raw_gold":11,"minecraft:stone_pickaxe":65,"minecraft:bamboo":15,"minecraft:oak_planks":6,"minecraft:book":45,"toughasnails:leaf_chestplate":1,"minecraft:cooked_porkchop":1,"minecraft:sand":4,"minecraft:white_bed":1,"minecraft:jungle_leaves":63,"minecraft:diamond":1,"minecraft:granite":2,"minecraft:bread":2,"minecraft:terracotta":11,"minecraft:oak_sapling":1,"minecraft:dark_oak_fence":12,"minecraft:coal":22},"minecraft:dropped":{"minecraft:bread":2,"minecraft:vine":3,"minecraft:porkchop":2,"minecraft:wheat_seeds":6,"minecraft:golden_helmet":1,"minecraft:rail":46,"minecraft:flint":1,"minecraft:mutton":6,"minecraft:jungle_leaves":47,"minecraft:iron_pickaxe":1,"minecraft:cactus":1,"minecraft:string":2,"minecraft:bone":2,"minecraft:cocoa_beans":1,"minecraft:rotten_flesh":1,"minecraft:poppy":1,"minecraft:golden_leggings":1,"minecraft:oak_sapling":1,"minecraft:stone_pickaxe":65,"minecraft:terracotta":1},"minecraft:killed":{"minecraft:skeleton":1,"minecraft:chicken":6,"minecraft:silverfish":1,"minecraft:pig":1,"minecraft:sheep":4,"minecraft:zombie":5},"minecraft:broken":{"toughasnails:leaf_leggings":1,"toughasnails:leaf_boots":1,"toughasnails:leaf_chestplate":1,"toughasnails:leaf_helmet":1}},"DataVersion":3465}