{"stats":{"minecraft:picked_up":{"minecraft:raw_iron":6,"minecraft:crafting_table":5,"minecraft:stick":8,"minecraft:wooden_pickaxe":1,"minecraft:oak_log":18,"minecraft:diorite":3,"minecraft:dirt":25,"minecraft:bone":2,"minecraft:rotten_flesh":6,"minecraft:wheat_seeds":1,"minecraft:oak_sapling":1,"minecraft:oak_planks":17,"minecraft:coal":18,"minecraft:cobblestone":16,"minecraft:furnace":1},"minecraft:used":{"minecraft:water_bucket":11,"minecraft:diorite":1,"minecraft:stone_pickaxe":40,"minecraft:oak_planks":24,"minecraft:wooden_pickaxe":39,"minecraft:stone_axe":18,"minecraft:dirt":3,"minecraft:cobblestone":1,"minecraft:crafting_table":4,"minecraft:furnace":1,"minecraft:bucket":11},"minecraft:killed":{"minecraft:skeleton":1,"minecraft:zombie":3},"minecraft:broken":{"minecraft:wooden_pickaxe":1},"minecraft:killed_by":{"minecraft:skeleton":1},"minecraft:crafted":{"minecraft:oak_planks":48,"minecraft:crafting_table":2,"minecraft:stick":8,"minecraft:iron_ingot":6,"minecraft:wooden_pickaxe":2,"minecraft:stone_pickaxe":1,"minecraft:furnace":1,"minecraft:bucket":1,"minecraft:stone_axe":1,"minecraft:air":0},"minecraft:dropped":{"minecraft:oak_log":6,"minecraft:wooden_pickaxe":1},"minecraft:mined":{"minecraft:furnace":1,"minecraft:iron_ore":8,"minecraft:crafting_table":3,"minecraft:grass":6,"minecraft:grass_block":8,"minecraft:oak_log":19,"minecraft:coal_ore":18,"minecraft:tall_grass":2,"minecraft:stone":16,"minecraft:oak_leaves":13,"minecraft:diorite":3},"minecraft:custom":{"minecraft:time_since_rest":14372,"minecraft:interact_with_furnace":3,"minecraft:sprint_one_cm":66066,"minecraft:damage_taken":295,"minecraft:walk_one_cm":79985,"minecraft:mob_kills":5,"minecraft:drop":2,"minecraft:damage_dealt":773,"minecraft:swim_one_cm":1967,"minecraft:interact_with_crafting_table":10,"minecraft:fly_one_cm":51348,"minecraft:crouch_one_cm":6212,"minecraft:play_time":26209,"minecraft:deaths":1,"minecraft:sneak_time":2938,"minecraft:walk_under_water_one_cm":9274,"minecraft:jump":513,"minecraft:walk_on_water_one_cm":17396,"minecraft:time_since_death":14344,"minecraft:total_world_time":26209,"minecraft:fall_one_cm":8814}},"DataVersion":3465}